{"count":1,"self":113.6122496,"total":346.15836559999997,"children":{"InitializeActuators":{"count":9,"self":0.0020296,"total":0.0020296,"children":null},"InitializeSensors":{"count":9,"self":0.0045151,"total":0.0045151,"children":null},"AgentSendState":{"count":91901,"self":5.9915731999999995,"total":12.350265199999999,"children":{"CollectObservations":{"count":165429,"self":0.54137059999999992,"total":0.54137059999999992,"children":null},"WriteActionMask":{"count":165429,"self":0.1471482,"total":0.1471482,"children":null},"RequestDecision":{"count":165429,"self":1.4251576,"total":5.6701733,"children":{"AgentInfo.ToProto":{"count":165429,"self":0.7410006,"total":4.2450157,"children":{"GenerateSensorData":{"count":165429,"self":3.0521955999999997,"total":3.5040150999999997,"children":{"RayPerceptionSensor.Perceive":{"count":165429,"self":0.4518195,"total":0.4518195,"children":null}}}}}}}}},"DecideAction":{"count":91901,"self":217.53927679999998,"total":217.53927589999998,"children":null},"AgentAct":{"count":91901,"self":2.0245083999999998,"total":2.0245085,"children":null},"AgentInfo.ToProto":{"count":15267,"self":0.1410725,"total":0.62401509999999993,"children":{"GenerateSensorData":{"count":15267,"self":0.4102221,"total":0.4829426,"children":{"RayPerceptionSensor.Perceive":{"count":15267,"self":0.0727205,"total":0.0727205,"children":null}}}}}},"gauges":{"Mummy.CumulativeReward":{"count":15267,"max":2,"min":-2.0300014,"runningAverage":0.3627889,"value":0.995,"weightedAverage":0.9910798}},"metadata":{"timer_format_version":"0.1.0","start_time_seconds":"1684809827","unity_version":"2021.3.19f1","command_line_arguments":"C:\\Program Files\\Unity\\Hub\\Editor\\2021.3.19f1\\Editor\\Unity.exe -projectpath D:\\Github\\ML_Agent\\MLAgent -useHub -hubIPC -cloudEnvironment production -licensingIpc LicenseClient-nsj05 -hubSessionId 75427afe-3b1e-4072-acce-37f4cd67add1 -accessToken LocE6R1x0R1g8cafKyWw2FiqXSHHGn2zufq4uYIWbFo00df","communication_protocol_version":"1.5.0","com.unity.ml-agents_version":"2.0.0-exp.1","scene_name":"MummyScene","end_time_seconds":"1684810173"}}